order_id,order_date,product,category,quantity,unit_price,sales,profit,city,region
5000,2023-01-01,Monitor,Electronics,4,1146,4584,229.3,Bangalore,South
5001,2023-02-01,Office Desk,Furniture,1,194,194,25.09,Mumbai,West
5002,2023-03-01,Laptop,Electronics,5,1464,7320,1735.63,Mumbai,West
5003,2023-04-01,Keyboard,Electronics,3,518,1554,141.24,Hyderabad,South
5004,2023-05-01,Smartphone,Electronics,5,448,2240,412.37,Chennai,South
5005,2023-06-01,Printer,Office Supplies,2,803,1606,125.39,Chennai,South
5006,2023-07-01,Keyboard,Electronics,2,1467,2934,617.76,Mumbai,West
5007,2023-08-01,Monitor,Electronics,2,563,1126,251.1,Delhi,North
5008,2023-09-01,Smartphone,Electronics,1,778,778,44.98,Bangalore,South
5009,2023-10-01,Printer,Office Supplies,3,683,2049,377.23,Delhi,North
5010,2023-11-01,Monitor,Electronics,4,1387,5548,496.6,Chennai,South
5011,2023-12-01,Printer,Office Supplies,2,1117,2234,418.43,Hyderabad,South
5012,2023-01-13,Laptop,Electronics,1,671,671,38.14,Chennai,South
5013,2023-01-14,Office Desk,Furniture,1,246,246,26.99,Delhi,North
5014,2023-01-15,Laptop,Electronics,3,1096,3288,761.89,Chennai,South
5015,2023-01-16,Office Desk,Furniture,5,205,1025,55.22,Mumbai,West
5016,2023-01-17,Printer,Office Supplies,1,1362,1362,140.43,Hyderabad,South
5017,2023-01-18,Smartphone,Electronics,2,293,586,141.41,Bangalore,South
5018,2023-01-19,Notebook,Office Supplies,1,1225,1225,162.69,Mumbai,West
5019,2023-01-20,Monitor,Electronics,4,946,3784,227.0,Chennai,South
5020,2023-01-21,Laptop,Electronics,5,519,2595,396.98,Delhi,North
5021,2023-01-22,Notebook,Office Supplies,4,199,796,180.39,Hyderabad,South
5022,2023-01-23,Monitor,Electronics,1,1149,1149,89.46,Bangalore,South
5023,2023-01-24,Desk Chair,Furniture,5,921,4605,382.54,Delhi,North
5024,2023-01-25,Laptop,Electronics,1,260,260,46.17,Hyderabad,South
5025,2023-01-26,Printer,Office Supplies,5,899,4495,807.08,Pune,West
5026,2023-01-27,Headphones,Electronics,3,466,1398,320.39,Mumbai,West
5027,2023-01-28,Monitor,Electronics,5,539,2695,141.04,Hyderabad,South
5028,2023-01-29,Smartphone,Electronics,2,180,360,26.26,Bangalore,South
5029,2023-01-30,Headphones,Electronics,3,316,948,114.77,Mumbai,West
5030,2023-01-31,Mouse,Electronics,3,520,1560,151.95,Mumbai,West
5031,2023-01-02,Keyboard,Electronics,1,1089,1089,222.75,Chennai,South
5032,2023-02-02,Keyboard,Electronics,5,680,3400,528.4,Chennai,South
5033,2023-03-02,Laptop,Electronics,2,676,1352,313.27,Hyderabad,South
5034,2023-04-02,Desk Chair,Furniture,3,1170,3510,364.34,Pune,West
5035,2023-05-02,Laptop,Electronics,2,455,910,227.01,Pune,West
5036,2023-06-02,Monitor,Electronics,4,1099,4396,872.84,Chennai,South
5037,2023-07-02,Smartphone,Electronics,5,861,4305,413.59,Mumbai,West
5038,2023-08-02,Smartphone,Electronics,4,961,3844,901.82,Delhi,North
5039,2023-09-02,Office Desk,Furniture,3,249,747,63.09,Mumbai,West
5040,2023-10-02,Monitor,Electronics,1,71,71,10.79,Hyderabad,South
5041,2023-11-02,Smartphone,Electronics,2,419,838,132.21,Delhi,North
5042,2023-12-02,Keyboard,Electronics,1,1308,1308,89.35,Pune,West
5043,2023-02-13,Office Desk,Furniture,3,1024,3072,498.3,Bangalore,South
5044,2023-02-14,Monitor,Electronics,4,999,3996,773.14,Pune,West
5045,2023-02-15,Laptop,Electronics,5,1122,5610,1124.1,Hyderabad,South
5046,2023-02-16,Keyboard,Electronics,5,105,525,40.58,Hyderabad,South
5047,2023-02-17,Notebook,Office Supplies,3,1210,3630,213.84,Mumbai,West
5048,2023-02-18,Headphones,Electronics,1,1023,1023,197.03,Hyderabad,South
5049,2023-02-19,Printer,Office Supplies,1,1285,1285,82.75,Pune,West
5050,2023-02-20,Mouse,Electronics,5,1345,6725,609.68,Pune,West
5051,2023-02-21,Office Desk,Furniture,4,1325,5300,472.16,Pune,West
5052,2023-02-22,Office Desk,Furniture,4,1127,4508,988.9,Pune,West
5053,2023-02-23,Printer,Office Supplies,4,340,1360,123.59,Delhi,North
5054,2023-02-24,Monitor,Electronics,4,501,2004,163.04,Chennai,South
5055,2023-02-25,Smartphone,Electronics,2,1161,2322,263.48,Hyderabad,South
5056,2023-02-26,Keyboard,Electronics,3,707,2121,339.76,Hyderabad,South
5057,2023-02-27,Smartphone,Electronics,5,256,1280,182.31,Hyderabad,South
5058,2023-02-28,Monitor,Electronics,2,731,1462,94.81,Chennai,South
5059,2023-01-03,Desk Chair,Furniture,2,1304,2608,165.11,Delhi,North
5060,2023-02-03,Keyboard,Electronics,5,667,3335,295.77,Delhi,North
5061,2023-03-03,Smartphone,Electronics,1,1349,1349,316.96,Bangalore,South
5062,2023-04-03,Smartphone,Electronics,4,929,3716,726.86,Delhi,North
5063,2023-05-03,Notebook,Office Supplies,5,1205,6025,815.56,Pune,West
5064,2023-06-03,Smartphone,Electronics,5,576,2880,464.63,Chennai,South
5065,2023-07-03,Smartphone,Electronics,5,555,2775,355.2,Mumbai,West
5066,2023-08-03,Desk Chair,Furniture,5,1111,5555,779.92,Bangalore,South
5067,2023-09-03,Notebook,Office Supplies,5,574,2870,370.16,Hyderabad,South
5068,2023-10-03,Desk Chair,Furniture,4,932,3728,195.88,Hyderabad,South
5069,2023-11-03,Office Desk,Furniture,3,467,1401,74.26,Bangalore,South
5070,2023-12-03,Smartphone,Electronics,2,1382,2764,210.62,Delhi,North
5071,2023-03-13,Printer,Office Supplies,2,388,776,82.49,Chennai,South
5072,2023-03-14,Office Desk,Furniture,5,592,2960,290.96,Delhi,North
5073,2023-03-15,Laptop,Electronics,3,120,360,57.34,Chennai,South
5074,2023-03-16,Printer,Office Supplies,4,1250,5000,740.25,Pune,West
5075,2023-03-17,Office Desk,Furniture,5,1353,6765,1627.43,Chennai,South
5076,2023-03-18,Keyboard,Electronics,5,299,1495,316.15,Pune,West
5077,2023-03-19,Monitor,Electronics,2,731,1462,311.44,Delhi,North
5078,2023-03-20,Monitor,Electronics,5,900,4500,268.32,Bangalore,South
5079,2023-03-21,Notebook,Office Supplies,5,1186,5930,1101.88,Chennai,South
5080,2023-03-22,Printer,Office Supplies,3,262,786,175.67,Chennai,South
5081,2023-03-23,Desk Chair,Furniture,2,820,1640,401.4,Pune,West
5082,2023-03-24,Laptop,Electronics,1,845,845,112.79,Delhi,North
5083,2023-03-25,Smartphone,Electronics,4,447,1788,299.25,Hyderabad,South
5084,2023-03-26,Keyboard,Electronics,5,1242,6210,355.8,Bangalore,South
5085,2023-03-27,Printer,Office Supplies,4,1434,5736,656.98,Pune,West
5086,2023-03-28,Keyboard,Electronics,3,1172,3516,344.72,Hyderabad,South
5087,2023-03-29,Printer,Office Supplies,3,844,2532,192.53,Bangalore,South
5088,2023-03-30,Laptop,Electronics,1,1051,1051,196.47,Pune,West
5089,2023-03-31,Desk Chair,Furniture,4,568,2272,213.51,Bangalore,South
5090,2023-01-04,Notebook,Office Supplies,4,429,1716,263.44,Pune,West
5091,2023-02-04,Mouse,Electronics,2,1048,2096,463.17,Bangalore,South
5092,2023-03-04,Smartphone,Electronics,2,964,1928,128.62,Hyderabad,South
5093,2023-04-04,Headphones,Electronics,5,784,3920,641.98,Pune,West
5094,2023-05-04,Smartphone,Electronics,1,793,793,162.22,Mumbai,West
5095,2023-06-04,Keyboard,Electronics,4,1068,4272,1053.32,Pune,West
5096,2023-07-04,Laptop,Electronics,1,218,218,48.62,Hyderabad,South
5097,2023-08-04,Laptop,Electronics,3,782,2346,384.51,Delhi,North
5098,2023-09-04,Laptop,Electronics,2,812,1624,374.78,Bangalore,South
5099,2023-10-04,Notebook,Office Supplies,2,1021,2042,344.08,Pune,West
5100,2023-11-04,Keyboard,Electronics,2,92,184,29.08,Hyderabad,South
5101,2023-12-04,Laptop,Electronics,1,640,640,46.19,Bangalore,South
5102,2023-04-13,Headphones,Electronics,2,551,1102,100.99,Pune,West
5103,2023-04-14,Laptop,Electronics,1,1334,1334,177.65,Mumbai,West
5104,2023-04-15,Laptop,Electronics,3,886,2658,302.6,Delhi,North
5105,2023-04-16,Desk Chair,Furniture,3,894,2682,390.04,Pune,West
5106,2023-04-17,Mouse,Electronics,5,556,2780,441.47,Mumbai,West
5107,2023-04-18,Office Desk,Furniture,4,194,776,61.26,Hyderabad,South
5108,2023-04-19,Keyboard,Electronics,5,337,1685,325.32,Delhi,North
5109,2023-04-20,Printer,Office Supplies,1,1008,1008,226.38,Pune,West
5110,2023-04-21,Smartphone,Electronics,2,54,108,24.12,Bangalore,South
5111,2023-04-22,Notebook,Office Supplies,3,212,636,111.31,Pune,West
5112,2023-04-23,Notebook,Office Supplies,3,172,516,104.15,Bangalore,South
5113,2023-04-24,Office Desk,Furniture,3,1304,3912,222.65,Pune,West
5114,2023-04-25,Printer,Office Supplies,1,247,247,27.36,Pune,West
5115,2023-04-26,Keyboard,Electronics,2,384,768,141.67,Bangalore,South
5116,2023-04-27,Laptop,Electronics,4,224,896,185.07,Bangalore,South
5117,2023-04-28,Notebook,Office Supplies,4,872,3488,849.69,Delhi,North
5118,2023-04-29,Smartphone,Electronics,1,1358,1358,214.99,Bangalore,South
5119,2023-04-30,Smartphone,Electronics,3,384,1152,286.6,Bangalore,South
5120,2023-01-05,Printer,Office Supplies,3,113,339,41.07,Mumbai,West
5121,2023-02-05,Headphones,Electronics,5,207,1035,171.25,Mumbai,West
5122,2023-03-05,Office Desk,Furniture,3,1006,3018,440.67,Hyderabad,South
5123,2023-04-05,Monitor,Electronics,4,953,3812,614.13,Mumbai,West
5124,2023-05-05,Smartphone,Electronics,4,978,3912,355.14,Hyderabad,South
5125,2023-06-05,Laptop,Electronics,4,592,2368,473.68,Mumbai,West
5126,2023-07-05,Headphones,Electronics,2,1480,2960,449.04,Pune,West
5127,2023-08-05,Keyboard,Electronics,3,271,813,120.16,Delhi,North
5128,2023-09-05,Desk Chair,Furniture,3,1379,4137,343.94,Delhi,North
5129,2023-10-05,Desk Chair,Furniture,4,997,3988,630.86,Mumbai,West
5130,2023-11-05,Smartphone,Electronics,1,462,462,46.92,Chennai,South
5131,2023-12-05,Mouse,Electronics,4,888,3552,850.74,Chennai,South
5132,2023-05-13,Printer,Office Supplies,4,1303,5212,984.45,Pune,West
5133,2023-05-14,Desk Chair,Furniture,4,421,1684,99.63,Chennai,South
5134,2023-05-15,Printer,Office Supplies,3,218,654,77.49,Pune,West
5135,2023-05-16,Office Desk,Furniture,4,650,2600,555.24,Bangalore,South
5136,2023-05-17,Laptop,Electronics,2,1156,2312,181.92,Chennai,South
5137,2023-05-18,Smartphone,Electronics,5,1100,5500,348.4,Pune,West
5138,2023-05-19,Office Desk,Furniture,3,912,2736,549.86,Mumbai,West
5139,2023-05-20,Notebook,Office Supplies,3,1427,4281,1054.96,Chennai,South
5140,2023-05-21,Mouse,Electronics,5,894,4470,647.26,Delhi,North
5141,2023-05-22,Monitor,Electronics,2,602,1204,247.9,Mumbai,West
5142,2023-05-23,Desk Chair,Furniture,2,313,626,35.99,Chennai,South
5143,2023-05-24,Mouse,Electronics,3,638,1914,136.36,Mumbai,West
5144,2023-05-25,Mouse,Electronics,3,1455,4365,995.37,Chennai,South
5145,2023-05-26,Office Desk,Furniture,2,297,594,48.44,Delhi,North
5146,2023-05-27,Notebook,Office Supplies,5,1112,5560,1051.96,Bangalore,South
5147,2023-05-28,Keyboard,Electronics,5,1235,6175,1186.99,Delhi,North
5148,2023-05-29,Notebook,Office Supplies,2,344,688,113.35,Pune,West
5149,2023-05-30,Printer,Office Supplies,4,1105,4420,326.6,Delhi,North
5150,2023-05-31,Monitor,Electronics,1,978,978,100.6,Delhi,North
5151,2023-01-06,Office Desk,Furniture,1,414,414,42.78,Pune,West
5152,2023-02-06,Mouse,Electronics,1,274,274,56.02,Pune,West
5153,2023-03-06,Mouse,Electronics,2,973,1946,266.05,Hyderabad,South
5154,2023-04-06,Monitor,Electronics,5,1392,6960,1520.74,Bangalore,South
5155,2023-05-06,Mouse,Electronics,1,408,408,73.44,Delhi,North
5156,2023-06-06,Notebook,Office Supplies,2,850,1700,195.84,Mumbai,West
5157,2023-07-06,Printer,Office Supplies,2,1381,2762,519.38,Mumbai,West
5158,2023-08-06,Monitor,Electronics,4,462,1848,215.64,Delhi,North
5159,2023-09-06,Desk Chair,Furniture,4,1170,4680,718.16,Chennai,South
5160,2023-10-06,Printer,Office Supplies,3,980,2940,242.22,Hyderabad,South
5161,2023-11-06,Desk Chair,Furniture,2,864,1728,392.77,Mumbai,West
5162,2023-12-06,Headphones,Electronics,1,1114,1114,260.72,Delhi,North
5163,2023-06-13,Desk Chair,Furniture,3,1066,3198,420.03,Hyderabad,South
5164,2023-06-14,Desk Chair,Furniture,5,434,2170,184.35,Pune,West
5165,2023-06-15,Office Desk,Furniture,3,1223,3669,882.85,Bangalore,South
5166,2023-06-16,Notebook,Office Supplies,4,1177,4708,461.72,Mumbai,West
5167,2023-06-17,Office Desk,Furniture,3,1113,3339,610.44,Hyderabad,South
5168,2023-06-18,Printer,Office Supplies,1,905,905,77.48,Hyderabad,South
5169,2023-06-19,Laptop,Electronics,3,946,2838,203.01,Bangalore,South
5170,2023-06-20,Headphones,Electronics,5,926,4630,513.2,Mumbai,West
5171,2023-06-21,Smartphone,Electronics,1,1317,1317,74.39,Chennai,South
5172,2023-06-22,Printer,Office Supplies,3,925,2775,176.73,Mumbai,West
5173,2023-06-23,Mouse,Electronics,1,601,601,102.71,Bangalore,South
5174,2023-06-24,Notebook,Office Supplies,2,1008,2016,179.78,Delhi,North
5175,2023-06-25,Office Desk,Furniture,5,830,4150,603.31,Mumbai,West
5176,2023-06-26,Mouse,Electronics,3,900,2700,551.66,Delhi,North
5177,2023-06-27,Notebook,Office Supplies,4,917,3668,518.95,Pune,West
5178,2023-06-28,Smartphone,Electronics,5,731,3655,264.55,Bangalore,South
5179,2023-06-29,Smartphone,Electronics,1,1370,1370,128.84,Pune,West
5180,2023-06-30,Notebook,Office Supplies,3,268,804,161.59,Bangalore,South
5181,2023-01-07,Laptop,Electronics,2,1163,2326,351.0,Hyderabad,South
5182,2023-02-07,Headphones,Electronics,3,147,441,24.07,Pune,West
5183,2023-03-07,Keyboard,Electronics,3,958,2874,402.8,Delhi,North
5184,2023-04-07,Office Desk,Furniture,5,1369,6845,1594.6,Bangalore,South
5185,2023-05-07,Printer,Office Supplies,1,214,214,25.06,Chennai,South
5186,2023-06-07,Laptop,Electronics,2,82,164,23.23,Delhi,North
5187,2023-07-07,Printer,Office Supplies,1,1124,1124,117.82,Delhi,North
5188,2023-08-07,Desk Chair,Furniture,4,987,3948,630.2,Chennai,South
5189,2023-09-07,Mouse,Electronics,4,592,2368,235.34,Pune,West
5190,2023-10-07,Desk Chair,Furniture,3,785,2355,482.21,Hyderabad,South
5191,2023-11-07,Headphones,Electronics,3,736,2208,278.32,Hyderabad,South
5192,2023-12-07,Office Desk,Furniture,5,127,635,129.2,Mumbai,West
5193,2023-07-13,Monitor,Electronics,4,1261,5044,1003.22,Hyderabad,South
5194,2023-07-14,Smartphone,Electronics,3,1489,4467,706.94,Hyderabad,South
5195,2023-07-15,Smartphone,Electronics,5,1128,5640,1109.89,Bangalore,South
5196,2023-07-16,Notebook,Office Supplies,3,618,1854,342.83,Mumbai,West
5197,2023-07-17,Notebook,Office Supplies,5,1248,6240,601.16,Hyderabad,South
5198,2023-07-18,Smartphone,Electronics,3,201,603,115.93,Pune,West
5199,2023-07-19,Laptop,Electronics,3,1079,3237,468.61,Chennai,South
5200,2023-07-20,Notebook,Office Supplies,4,167,668,46.86,Delhi,North
5201,2023-07-21,Headphones,Electronics,5,979,4895,643.33,Bangalore,South
5202,2023-07-22,Headphones,Electronics,1,803,803,63.72,Pune,West
5203,2023-07-23,Desk Chair,Furniture,3,264,792,47.12,Mumbai,West
5204,2023-07-24,Smartphone,Electronics,1,1151,1151,195.89,Mumbai,West
5205,2023-07-25,Smartphone,Electronics,3,1369,4107,457.15,Bangalore,South
5206,2023-07-26,Printer,Office Supplies,4,1063,4252,277.25,Hyderabad,South
5207,2023-07-27,Keyboard,Electronics,3,892,2676,163.85,Chennai,South
5208,2023-07-28,Keyboard,Electronics,4,1105,4420,632.79,Chennai,South
5209,2023-07-29,Keyboard,Electronics,2,63,126,8.32,Bangalore,South
5210,2023-07-30,Office Desk,Furniture,2,1210,2420,469.95,Chennai,South
5211,2023-07-31,Mouse,Electronics,5,891,4455,340.51,Hyderabad,South
5212,2023-01-08,Monitor,Electronics,4,1105,4420,970.05,Chennai,South
5213,2023-02-08,Headphones,Electronics,3,1234,3702,449.47,Bangalore,South
5214,2023-03-08,Notebook,Office Supplies,5,1249,6245,1291.5,Chennai,South
5215,2023-04-08,Desk Chair,Furniture,2,1126,2252,421.83,Pune,West
5216,2023-05-08,Notebook,Office Supplies,5,1053,5265,822.88,Chennai,South
5217,2023-06-08,Smartphone,Electronics,3,304,912,93.25,Bangalore,South
5218,2023-07-08,Desk Chair,Furniture,2,804,1608,312.89,Pune,West
5219,2023-08-08,Desk Chair,Furniture,5,93,465,75.23,Chennai,South
5220,2023-09-08,Office Desk,Furniture,3,241,723,143.8,Hyderabad,South
5221,2023-10-08,Keyboard,Electronics,4,1239,4956,1173.48,Delhi,North
5222,2023-11-08,Office Desk,Furniture,4,189,756,163.51,Bangalore,South
5223,2023-12-08,Mouse,Electronics,1,282,282,57.01,Hyderabad,South
5224,2023-08-13,Laptop,Electronics,4,1199,4796,959.8,Chennai,South
5225,2023-08-14,Notebook,Office Supplies,3,666,1998,378.54,Hyderabad,South
5226,2023-08-15,Keyboard,Electronics,1,164,164,19.95,Hyderabad,South
5227,2023-08-16,Office Desk,Furniture,1,357,357,24.63,Pune,West
5228,2023-08-17,Desk Chair,Furniture,5,59,295,25.29,Hyderabad,South
5229,2023-08-18,Monitor,Electronics,4,1403,5612,606.26,Mumbai,West
5230,2023-08-19,Mouse,Electronics,3,443,1329,184.5,Pune,West
5231,2023-08-20,Desk Chair,Furniture,4,487,1948,232.08,Delhi,North
5232,2023-08-21,Desk Chair,Furniture,4,559,2236,320.75,Hyderabad,South
5233,2023-08-22,Notebook,Office Supplies,2,604,1208,193.41,Mumbai,West
5234,2023-08-23,Monitor,Electronics,1,1151,1151,81.33,Hyderabad,South
5235,2023-08-24,Office Desk,Furniture,5,796,3980,543.65,Bangalore,South
5236,2023-08-25,Office Desk,Furniture,5,442,2210,333.58,Mumbai,West
5237,2023-08-26,Headphones,Electronics,3,216,648,94.9,Mumbai,West
5238,2023-08-27,Headphones,Electronics,4,894,3576,835.38,Hyderabad,South
5239,2023-08-28,Office Desk,Furniture,1,405,405,88.93,Hyderabad,South
5240,2023-08-29,Keyboard,Electronics,3,685,2055,492.06,Bangalore,South
5241,2023-08-30,Keyboard,Electronics,5,399,1995,171.62,Bangalore,South
5242,2023-08-31,Monitor,Electronics,5,600,3000,187.51,Pune,West
5243,2023-01-09,Laptop,Electronics,2,885,1770,91.66,Bangalore,South
5244,2023-02-09,Desk Chair,Furniture,4,805,3220,444.25,Pune,West
5245,2023-03-09,Headphones,Electronics,1,869,869,126.5,Hyderabad,South
5246,2023-04-09,Notebook,Office Supplies,5,1150,5750,1317.87,Pune,West
5247,2023-05-09,Laptop,Electronics,4,770,3080,557.2,Hyderabad,South
5248,2023-06-09,Notebook,Office Supplies,3,235,705,106.56,Mumbai,West
5249,2023-07-09,Monitor,Electronics,3,1041,3123,339.92,Chennai,South
5250,2023-08-09,Mouse,Electronics,2,738,1476,113.4,Hyderabad,South
5251,2023-09-09,Mouse,Electronics,5,1016,5080,1061.29,Hyderabad,South
5252,2023-10-09,Laptop,Electronics,1,205,205,47.35,Bangalore,South
5253,2023-11-09,Notebook,Office Supplies,5,812,4060,320.76,Chennai,South
5254,2023-12-09,Smartphone,Electronics,1,836,836,93.79,Hyderabad,South
5255,2023-09-13,Smartphone,Electronics,4,1443,5772,758.35,Bangalore,South
5256,2023-09-14,Printer,Office Supplies,5,239,1195,211.83,Chennai,South
5257,2023-09-15,Monitor,Electronics,5,1223,6115,864.63,Hyderabad,South
5258,2023-09-16,Printer,Office Supplies,4,1490,5960,724.15,Delhi,North
5259,2023-09-17,Smartphone,Electronics,3,360,1080,109.64,Pune,West
5260,2023-09-18,Office Desk,Furniture,3,1163,3489,225.02,Chennai,South
5261,2023-09-19,Office Desk,Furniture,4,988,3952,660.26,Pune,West
5262,2023-09-20,Mouse,Electronics,2,683,1366,191.19,Delhi,North
5263,2023-09-21,Desk Chair,Furniture,4,399,1596,152.64,Hyderabad,South
5264,2023-09-22,Desk Chair,Furniture,4,1047,4188,571.71,Mumbai,West
5265,2023-09-23,Smartphone,Electronics,2,1464,2928,248.73,Bangalore,South
5266,2023-09-24,Headphones,Electronics,4,761,3044,256.57,Mumbai,West
5267,2023-09-25,Headphones,Electronics,3,59,177,10.02,Mumbai,West
5268,2023-09-26,Laptop,Electronics,2,505,1010,83.46,Hyderabad,South
5269,2023-09-27,Headphones,Electronics,4,83,332,58.54,Bangalore,South
5270,2023-09-28,Monitor,Electronics,4,1499,5996,503.59,Mumbai,West
5271,2023-09-29,Keyboard,Electronics,3,505,1515,117.06,Bangalore,South
5272,2023-09-30,Laptop,Electronics,2,801,1602,228.39,Pune,West
5273,2023-01-10,Keyboard,Electronics,3,71,213,40.18,Mumbai,West
5274,2023-02-10,Notebook,Office Supplies,4,77,308,67.54,Hyderabad,South
5275,2023-03-10,Office Desk,Furniture,3,1479,4437,600.45,Hyderabad,South
5276,2023-04-10,Laptop,Electronics,4,1068,4272,821.99,Hyderabad,South
5277,2023-05-10,Headphones,Electronics,1,297,297,54.74,Hyderabad,South
5278,2023-06-10,Mouse,Electronics,5,644,3220,464.06,Hyderabad,South
5279,2023-07-10,Smartphone,Electronics,3,301,903,130.21,Bangalore,South
5280,2023-08-10,Smartphone,Electronics,3,1014,3042,437.24,Mumbai,West
5281,2023-09-10,Headphones,Electronics,3,171,513,56.95,Hyderabad,South
5282,2023-10-10,Mouse,Electronics,1,1237,1237,182.65,Hyderabad,South
5283,2023-11-10,Headphones,Electronics,3,1024,3072,736.57,Pune,West
5284,2023-12-10,Monitor,Electronics,2,1382,2764,461.55,Chennai,South
5285,2023-10-13,Mouse,Electronics,2,1248,2496,155.27,Delhi,North
5286,2023-10-14,Monitor,Electronics,2,147,294,20.05,Bangalore,South
5287,2023-10-15,Notebook,Office Supplies,3,842,2526,298.26,Bangalore,South
5288,2023-10-16,Smartphone,Electronics,5,923,4615,734.48,Mumbai,West
5289,2023-10-17,Smartphone,Electronics,1,1041,1041,54.76,Mumbai,West
5290,2023-10-18,Keyboard,Electronics,2,1051,2102,287.5,Mumbai,West
5291,2023-10-19,Notebook,Office Supplies,3,83,249,42.31,Hyderabad,South
5292,2023-10-20,Printer,Office Supplies,5,960,4800,983.43,Hyderabad,South
5293,2023-10-21,Keyboard,Electronics,2,129,258,47.69,Hyderabad,South
5294,2023-10-22,Headphones,Electronics,3,1478,4434,260.31,Pune,West
5295,2023-10-23,Headphones,Electronics,3,1153,3459,861.33,Bangalore,South
5296,2023-10-24,Printer,Office Supplies,4,1019,4076,229.15,Delhi,North
5297,2023-10-25,Smartphone,Electronics,1,768,768,89.13,Delhi,North
5298,2023-10-26,Mouse,Electronics,5,329,1645,199.13,Pune,West
5299,2023-10-27,Notebook,Office Supplies,3,204,612,57.96,Chennai,South
5300,2023-10-28,Smartphone,Electronics,2,1247,2494,354.52,Delhi,North
5301,2023-10-29,Keyboard,Electronics,2,746,1492,208.55,Chennai,South
5302,2023-10-30,Keyboard,Electronics,3,1426,4278,563.92,Pune,West
5303,2023-10-31,Desk Chair,Furniture,4,105,420,93.52,Chennai,South
5304,2023-01-11,Laptop,Electronics,5,510,2550,620.13,Bangalore,South
5305,2023-02-11,Headphones,Electronics,5,404,2020,102.05,Bangalore,South
5306,2023-03-11,Smartphone,Electronics,1,265,265,23.09,Mumbai,West
5307,2023-04-11,Office Desk,Furniture,5,289,1445,294.14,Mumbai,West
5308,2023-05-11,Headphones,Electronics,2,1382,2764,147.44,Delhi,North
5309,2023-06-11,Office Desk,Furniture,5,1253,6265,1139.41,Delhi,North
5310,2023-07-11,Smartphone,Electronics,1,358,358,42.43,Bangalore,South
5311,2023-08-11,Smartphone,Electronics,4,976,3904,445.86,Pune,West
5312,2023-09-11,Mouse,Electronics,1,153,153,36.97,Hyderabad,South
5313,2023-10-11,Desk Chair,Furniture,3,311,933,186.11,Mumbai,West
5314,2023-11-11,Keyboard,Electronics,2,348,696,83.4,Mumbai,West
5315,2023-12-11,Headphones,Electronics,5,324,1620,338.03,Delhi,North
5316,2023-11-13,Headphones,Electronics,2,1263,2526,174.61,Pune,West
5317,2023-11-14,Keyboard,Electronics,1,1129,1129,118.28,Mumbai,West
5318,2023-11-15,Laptop,Electronics,5,1090,5450,619.04,Pune,West
5319,2023-11-16,Notebook,Office Supplies,5,1030,5150,404.58,Chennai,South
5320,2023-11-17,Smartphone,Electronics,3,790,2370,165.92,Bangalore,South
5321,2023-11-18,Headphones,Electronics,3,1381,4143,324.78,Pune,West
5322,2023-11-19,Printer,Office Supplies,2,906,1812,435.29,Mumbai,West
5323,2023-11-20,Office Desk,Furniture,5,1245,6225,919.81,Delhi,North
5324,2023-11-21,Smartphone,Electronics,1,1423,1423,142.24,Chennai,South
5325,2023-11-22,Headphones,Electronics,4,316,1264,301.1,Pune,West
5326,2023-11-23,Headphones,Electronics,5,188,940,108.25,Pune,West
5327,2023-11-24,Headphones,Electronics,5,933,4665,373.69,Pune,West
5328,2023-11-25,Laptop,Electronics,4,1155,4620,1108.22,Bangalore,South
5329,2023-11-26,Mouse,Electronics,1,581,581,130.74,Pune,West
5330,2023-11-27,Smartphone,Electronics,1,434,434,36.0,Bangalore,South
5331,2023-11-28,Desk Chair,Furniture,5,1262,6310,1115.26,Bangalore,South
5332,2023-11-29,Keyboard,Electronics,1,1248,1248,213.44,Hyderabad,South
5333,2023-11-30,Monitor,Electronics,1,1282,1282,105.51,Hyderabad,South
5334,2023-01-12,Printer,Office Supplies,2,213,426,22.61,Pune,West
5335,2023-02-12,Office Desk,Furniture,2,1039,2078,209.02,Chennai,South
5336,2023-03-12,Office Desk,Furniture,4,915,3660,560.0,Bangalore,South
5337,2023-04-12,Mouse,Electronics,4,84,336,36.25,Delhi,North
5338,2023-05-12,Printer,Office Supplies,4,1391,5564,417.9,Hyderabad,South
5339,2023-06-12,Laptop,Electronics,4,373,1492,126.52,Pune,West
5340,2023-07-12,Desk Chair,Furniture,2,1479,2958,711.38,Chennai,South
5341,2023-08-12,Keyboard,Electronics,5,1132,5660,1384.99,Hyderabad,South
5342,2023-09-12,Smartphone,Electronics,1,1136,1136,155.54,Mumbai,West
5343,2023-10-12,Office Desk,Furniture,1,576,576,58.7,Bangalore,South
5344,2023-11-12,Office Desk,Furniture,3,213,639,109.86,Delhi,North
5345,2023-12-12,Headphones,Electronics,2,267,534,53.77,Chennai,South
5346,2023-12-13,Headphones,Electronics,5,538,2690,507.96,Delhi,North
5347,2023-12-14,Headphones,Electronics,1,591,591,102.64,Delhi,North
5348,2023-12-15,Headphones,Electronics,1,872,872,135.94,Chennai,South
5349,2023-12-16,Desk Chair,Furniture,5,606,3030,407.03,Chennai,South
5350,2023-12-17,Desk Chair,Furniture,3,130,390,25.68,Delhi,North
5351,2023-12-18,Desk Chair,Furniture,1,1217,1217,275.47,Hyderabad,South
5352,2023-12-19,Headphones,Electronics,4,915,3660,473.4,Pune,West
5353,2023-12-20,Laptop,Electronics,3,980,2940,255.46,Hyderabad,South
5354,2023-12-21,Headphones,Electronics,3,430,1290,94.2,Mumbai,West
5355,2023-12-22,Desk Chair,Furniture,5,346,1730,396.34,Bangalore,South
5356,2023-12-23,Office Desk,Furniture,3,897,2691,589.26,Bangalore,South
5357,2023-12-24,Desk Chair,Furniture,1,484,484,57.66,Chennai,South
5358,2023-12-25,Notebook,Office Supplies,1,449,449,75.56,Pune,West
5359,2023-12-26,Notebook,Office Supplies,4,411,1644,342.93,Chennai,South
5360,2023-12-27,Printer,Office Supplies,1,562,562,49.74,Delhi,North
5361,2023-12-28,Mouse,Electronics,3,1026,3078,355.97,Delhi,North
5362,2023-12-29,Office Desk,Furniture,2,50,100,23.27,Delhi,North
5363,2023-12-30,Headphones,Electronics,2,133,266,60.09,Mumbai,West
5364,2023-12-31,Keyboard,Electronics,2,1056,2112,410.28,Hyderabad,South
5365,2024-01-01,Smartphone,Electronics,2,138,276,65.55,Hyderabad,South
5366,2024-02-01,Office Desk,Furniture,2,702,1404,309.14,Mumbai,West
5367,2024-03-01,Smartphone,Electronics,5,1333,6665,1574.35,Chennai,South
5368,2024-04-01,Office Desk,Furniture,5,1231,6155,668.9,Delhi,North
5369,2024-05-01,Keyboard,Electronics,3,1102,3306,729.51,Chennai,South
5370,2024-06-01,Headphones,Electronics,4,784,3136,322.47,Delhi,North
5371,2024-07-01,Printer,Office Supplies,2,1307,2614,177.65,Pune,West
5372,2024-08-01,Monitor,Electronics,1,579,579,78.32,Chennai,South
5373,2024-09-01,Office Desk,Furniture,3,406,1218,136.12,Pune,West
5374,2024-10-01,Laptop,Electronics,5,767,3835,707.54,Delhi,North
5375,2024-11-01,Monitor,Electronics,5,592,2960,225.58,Hyderabad,South
5376,2024-12-01,Desk Chair,Furniture,5,402,2010,349.18,Mumbai,West
5377,2024-01-13,Office Desk,Furniture,1,1262,1262,260.24,Bangalore,South
5378,2024-01-14,Headphones,Electronics,2,1041,2082,436.74,Delhi,North
5379,2024-01-15,Mouse,Electronics,4,548,2192,467.11,Bangalore,South
5380,2024-01-16,Office Desk,Furniture,3,436,1308,190.03,Pune,West
5381,2024-01-17,Laptop,Electronics,4,260,1040,129.67,Delhi,North
5382,2024-01-18,Notebook,Office Supplies,4,389,1556,174.0,Mumbai,West
5383,2024-01-19,Notebook,Office Supplies,4,1165,4660,690.71,Delhi,North
5384,2024-01-20,Headphones,Electronics,5,1452,7260,651.35,Delhi,North
5385,2024-01-21,Office Desk,Furniture,2,1404,2808,547.51,Delhi,North
5386,2024-01-22,Smartphone,Electronics,3,881,2643,228.15,Hyderabad,South
5387,2024-01-23,Desk Chair,Furniture,3,218,654,140.69,Mumbai,West
5388,2024-01-24,Notebook,Office Supplies,1,1412,1412,156.73,Delhi,North
5389,2024-01-25,Smartphone,Electronics,5,1156,5780,670.3,Hyderabad,South
5390,2024-01-26,Printer,Office Supplies,1,656,656,144.02,Delhi,North
5391,2024-01-27,Keyboard,Electronics,3,1031,3093,367.66,Chennai,South
5392,2024-01-28,Desk Chair,Furniture,4,1030,4120,937.84,Mumbai,West
5393,2024-01-29,Laptop,Electronics,3,234,702,123.3,Pune,West
5394,2024-01-30,Smartphone,Electronics,4,998,3992,846.91,Chennai,South
5395,2024-01-31,Office Desk,Furniture,2,684,1368,160.53,Hyderabad,South
5396,2024-01-02,Headphones,Electronics,4,1159,4636,1152.23,Chennai,South
5397,2024-02-02,Headphones,Electronics,4,1428,5712,370.79,Mumbai,West
5398,2024-03-02,Printer,Office Supplies,4,259,1036,250.02,Chennai,South
5399,2024-04-02,Notebook,Office Supplies,4,142,568,134.04,Hyderabad,South
5400,2024-05-02,Desk Chair,Furniture,4,314,1256,89.22,Delhi,North
5401,2024-06-02,Smartphone,Electronics,5,722,3610,532.25,Delhi,North
5402,2024-07-02,Office Desk,Furniture,5,430,2150,460.58,Delhi,North
5403,2024-08-02,Keyboard,Electronics,1,937,937,113.42,Mumbai,West
5404,2024-09-02,Desk Chair,Furniture,4,350,1400,122.52,Chennai,South
5405,2024-10-02,Printer,Office Supplies,2,1294,2588,289.47,Mumbai,West
5406,2024-11-02,Mouse,Electronics,1,175,175,20.49,Hyderabad,South
5407,2024-12-02,Notebook,Office Supplies,5,1369,6845,519.38,Chennai,South
5408,2024-02-13,Smartphone,Electronics,1,1397,1397,201.31,Pune,West
5409,2024-02-14,Headphones,Electronics,1,1364,1364,167.36,Bangalore,South
5410,2024-02-15,Keyboard,Electronics,2,117,234,57.66,Hyderabad,South
5411,2024-02-16,Notebook,Office Supplies,2,845,1690,87.63,Delhi,North
5412,2024-02-17,Smartphone,Electronics,2,1326,2652,290.43,Mumbai,West
5413,2024-02-18,Mouse,Electronics,1,641,641,46.93,Bangalore,South
5414,2024-02-19,Monitor,Electronics,1,208,208,41.36,Hyderabad,South
5415,2024-02-20,Keyboard,Electronics,3,1141,3423,597.82,Bangalore,South
5416,2024-02-21,Notebook,Office Supplies,3,572,1716,108.96,Mumbai,West
5417,2024-02-22,Keyboard,Electronics,2,422,844,113.62,Pune,West
5418,2024-02-23,Smartphone,Electronics,4,1340,5360,481.77,Delhi,North
5419,2024-02-24,Notebook,Office Supplies,1,331,331,21.8,Chennai,South
5420,2024-02-25,Headphones,Electronics,4,1002,4008,432.77,Mumbai,West
5421,2024-02-26,Desk Chair,Furniture,5,1299,6495,1549.83,Mumbai,West
5422,2024-02-27,Smartphone,Electronics,1,1216,1216,77.99,Hyderabad,South
5423,2024-02-28,Mouse,Electronics,4,1425,5700,1405.15,Bangalore,South
5424,2024-02-29,Headphones,Electronics,1,1012,1012,127.33,Hyderabad,South
5425,2024-01-03,Printer,Office Supplies,3,1151,3453,786.18,Bangalore,South
5426,2024-02-03,Desk Chair,Furniture,2,1492,2984,313.82,Hyderabad,South
5427,2024-03-03,Headphones,Electronics,3,263,789,101.44,Mumbai,West
5428,2024-04-03,Mouse,Electronics,1,928,928,166.13,Pune,West
5429,2024-05-03,Mouse,Electronics,5,262,1310,183.57,Bangalore,South
5430,2024-06-03,Notebook,Office Supplies,1,1033,1033,158.11,Bangalore,South
5431,2024-07-03,Notebook,Office Supplies,4,748,2992,386.48,Chennai,South
5432,2024-08-03,Office Desk,Furniture,3,98,294,55.07,Hyderabad,South
5433,2024-09-03,Mouse,Electronics,3,1103,3309,813.14,Delhi,North
5434,2024-10-03,Notebook,Office Supplies,5,377,1885,265.13,Delhi,North
5435,2024-11-03,Laptop,Electronics,3,1370,4110,618.82,Bangalore,South
5436,2024-12-03,Keyboard,Electronics,1,1337,1337,224.43,Chennai,South
5437,2024-03-13,Keyboard,Electronics,4,1231,4924,793.65,Pune,West
5438,2024-03-14,Headphones,Electronics,3,1252,3756,693.67,Bangalore,South
5439,2024-03-15,Desk Chair,Furniture,2,413,826,67.12,Chennai,South
5440,2024-03-16,Laptop,Electronics,1,1492,1492,353.82,Chennai,South
5441,2024-03-17,Notebook,Office Supplies,1,1438,1438,198.73,Mumbai,West
5442,2024-03-18,Keyboard,Electronics,5,151,755,61.36,Mumbai,West
5443,2024-03-19,Desk Chair,Furniture,5,1096,5480,279.83,Bangalore,South
5444,2024-03-20,Printer,Office Supplies,4,1049,4196,302.09,Chennai,South
5445,2024-03-21,Printer,Office Supplies,5,1119,5595,1157.26,Mumbai,West
5446,2024-03-22,Keyboard,Electronics,5,1362,6810,1609.13,Pune,West
5447,2024-03-23,Printer,Office Supplies,2,498,996,150.59,Chennai,South
5448,2024-03-24,Mouse,Electronics,5,1410,7050,951.73,Delhi,North
5449,2024-03-25,Mouse,Electronics,4,1257,5028,1229.57,Mumbai,West
5450,2024-03-26,Keyboard,Electronics,2,1415,2830,181.43,Chennai,South
5451,2024-03-27,Notebook,Office Supplies,5,1342,6710,625.98,Pune,West
5452,2024-03-28,Smartphone,Electronics,3,369,1107,163.3,Bangalore,South
5453,2024-03-29,Laptop,Electronics,5,375,1875,278.39,Chennai,South
5454,2024-03-30,Office Desk,Furniture,3,832,2496,137.74,Chennai,South
5455,2024-03-31,Smartphone,Electronics,3,1107,3321,619.96,Hyderabad,South
5456,2024-01-04,Desk Chair,Furniture,2,1488,2976,607.7,Bangalore,South
5457,2024-02-04,Keyboard,Electronics,2,644,1288,90.24,Delhi,North
5458,2024-03-04,Printer,Office Supplies,5,1336,6680,1033.47,Hyderabad,South
5459,2024-04-04,Notebook,Office Supplies,1,1300,1300,295.56,Delhi,North
5460,2024-05-04,Smartphone,Electronics,3,1116,3348,323.82,Chennai,South
5461,2024-06-04,Smartphone,Electronics,3,328,984,201.51,Pune,West
5462,2024-07-04,Laptop,Electronics,1,1433,1433,124.64,Chennai,South
5463,2024-08-04,Printer,Office Supplies,2,61,122,11.35,Pune,West
5464,2024-09-04,Headphones,Electronics,4,239,956,230.85,Bangalore,South
5465,2024-10-04,Headphones,Electronics,3,1295,3885,582.78,Delhi,North
5466,2024-11-04,Keyboard,Electronics,3,130,390,51.28,Delhi,North
5467,2024-12-04,Office Desk,Furniture,2,1405,2810,514.45,Chennai,South
5468,2024-04-13,Laptop,Electronics,2,370,740,111.44,Pune,West
5469,2024-04-14,Desk Chair,Furniture,4,240,960,128.99,Pune,West
5470,2024-04-15,Headphones,Electronics,2,832,1664,364.17,Bangalore,South
5471,2024-04-16,Office Desk,Furniture,1,1145,1145,274.03,Bangalore,South
5472,2024-04-17,Laptop,Electronics,1,471,471,44.82,Hyderabad,South
5473,2024-04-18,Keyboard,Electronics,5,664,3320,768.51,Delhi,North
5474,2024-04-19,Notebook,Office Supplies,3,369,1107,208.57,Pune,West
5475,2024-04-20,Smartphone,Electronics,2,1215,2430,428.65,Hyderabad,South
5476,2024-04-21,Notebook,Office Supplies,1,1108,1108,272.22,Mumbai,West
5477,2024-04-22,Smartphone,Electronics,2,1240,2480,165.55,Hyderabad,South
5478,2024-04-23,Office Desk,Furniture,1,813,813,165.79,Mumbai,West
5479,2024-04-24,Printer,Office Supplies,4,491,1964,345.51,Hyderabad,South
5480,2024-04-25,Laptop,Electronics,5,1358,6790,1212.5,Pune,West
5481,2024-04-26,Notebook,Office Supplies,2,88,176,18.25,Chennai,South
5482,2024-04-27,Laptop,Electronics,4,1133,4532,235.82,Delhi,North
5483,2024-04-28,Notebook,Office Supplies,3,493,1479,161.12,Delhi,North
5484,2024-04-29,Printer,Office Supplies,5,909,4545,865.84,Chennai,South
5485,2024-04-30,Headphones,Electronics,5,223,1115,56.89,Chennai,South
5486,2024-01-05,Notebook,Office Supplies,2,1276,2552,195.59,Pune,West
5487,2024-02-05,Monitor,Electronics,4,914,3656,812.8,Pune,West
5488,2024-03-05,Laptop,Electronics,2,804,1608,257.74,Bangalore,South
5489,2024-04-05,Mouse,Electronics,5,513,2565,443.54,Pune,West
5490,2024-05-05,Monitor,Electronics,1,800,800,129.41,Delhi,North
5491,2024-06-05,Smartphone,Electronics,4,762,3048,447.64,Pune,West
5492,2024-07-05,Laptop,Electronics,5,400,2000,364.76,Hyderabad,South
5493,2024-08-05,Office Desk,Furniture,1,285,285,67.0,Chennai,South
5494,2024-09-05,Desk Chair,Furniture,5,262,1310,311.18,Mumbai,West
5495,2024-10-05,Keyboard,Electronics,1,73,73,13.67,Hyderabad,South
5496,2024-11-05,Keyboard,Electronics,1,1103,1103,236.36,Bangalore,South
5497,2024-12-05,Notebook,Office Supplies,4,232,928,222.69,Delhi,North
5498,2024-05-13,Mouse,Electronics,2,622,1244,283.27,Bangalore,South
5499,2024-05-14,Notebook,Office Supplies,5,994,4970,1093.33,Delhi,North
5500,2024-05-15,Desk Chair,Furniture,1,156,156,34.18,Chennai,South
5501,2024-05-16,Laptop,Electronics,3,640,1920,133.49,Hyderabad,South
5502,2024-05-17,Desk Chair,Furniture,2,1207,2414,446.35,Pune,West
5503,2024-05-18,Monitor,Electronics,3,1167,3501,721.35,Bangalore,South
5504,2024-05-19,Keyboard,Electronics,5,881,4405,223.81,Chennai,South
5505,2024-05-20,Monitor,Electronics,4,742,2968,664.82,Chennai,South
5506,2024-05-21,Monitor,Electronics,4,587,2348,122.42,Delhi,North
5507,2024-05-22,Desk Chair,Furniture,1,1202,1202,165.85,Mumbai,West
5508,2024-05-23,Laptop,Electronics,2,213,426,89.97,Delhi,North
5509,2024-05-24,Keyboard,Electronics,5,1444,7220,1527.43,Delhi,North
5510,2024-05-25,Desk Chair,Furniture,2,818,1636,360.94,Delhi,North
5511,2024-05-26,Smartphone,Electronics,3,893,2679,504.71,Pune,West
5512,2024-05-27,Headphones,Electronics,3,1165,3495,751.33,Chennai,South
5513,2024-05-28,Smartphone,Electronics,3,74,222,29.11,Bangalore,South
5514,2024-05-29,Mouse,Electronics,1,338,338,38.13,Chennai,South
5515,2024-05-30,Mouse,Electronics,2,1496,2992,520.09,Delhi,North
5516,2024-05-31,Mouse,Electronics,4,539,2156,311.35,Chennai,South
5517,2024-01-06,Keyboard,Electronics,1,786,786,145.05,Delhi,North
5518,2024-02-06,Monitor,Electronics,2,311,622,41.95,Hyderabad,South
5519,2024-03-06,Office Desk,Furniture,3,1442,4326,1038.11,Delhi,North
5520,2024-04-06,Office Desk,Furniture,2,1238,2476,459.06,Chennai,South
5521,2024-05-06,Keyboard,Electronics,4,469,1876,211.77,Chennai,South
5522,2024-06-06,Printer,Office Supplies,4,262,1048,236.57,Mumbai,West
5523,2024-07-06,Laptop,Electronics,5,1259,6295,316.05,Bangalore,South
5524,2024-08-06,Office Desk,Furniture,4,962,3848,320.21,Delhi,North
5525,2024-09-06,Printer,Office Supplies,2,550,1100,243.36,Delhi,North
5526,2024-10-06,Keyboard,Electronics,2,389,778,43.21,Chennai,South
5527,2024-11-06,Mouse,Electronics,1,411,411,77.18,Pune,West
5528,2024-12-06,Desk Chair,Furniture,4,468,1872,336.92,Hyderabad,South
5529,2024-06-13,Office Desk,Furniture,4,127,508,114.31,Bangalore,South
5530,2024-06-14,Office Desk,Furniture,5,1284,6420,1512.01,Mumbai,West
5531,2024-06-15,Headphones,Electronics,5,1259,6295,1218.27,Bangalore,South
5532,2024-06-16,Mouse,Electronics,5,179,895,72.33,Chennai,South
5533,2024-06-17,Printer,Office Supplies,3,1432,4296,515.36,Mumbai,West
5534,2024-06-18,Headphones,Electronics,1,1158,1158,96.75,Delhi,North
5535,2024-06-19,Smartphone,Electronics,4,574,2296,432.76,Hyderabad,South
5536,2024-06-20,Laptop,Electronics,5,727,3635,632.94,Chennai,South
5537,2024-06-21,Desk Chair,Furniture,2,1274,2548,459.28,Chennai,South
5538,2024-06-22,Notebook,Office Supplies,1,1332,1332,294.17,Mumbai,West
5539,2024-06-23,Headphones,Electronics,2,85,170,19.69,Bangalore,South
5540,2024-06-24,Notebook,Office Supplies,4,576,2304,179.52,Pune,West
5541,2024-06-25,Smartphone,Electronics,1,266,266,66.15,Bangalore,South
5542,2024-06-26,Office Desk,Furniture,2,1293,2586,360.17,Pune,West
5543,2024-06-27,Smartphone,Electronics,5,301,1505,92.12,Mumbai,West
5544,2024-06-28,Keyboard,Electronics,2,787,1574,171.51,Hyderabad,South
5545,2024-06-29,Keyboard,Electronics,2,609,1218,210.36,Mumbai,West
5546,2024-06-30,Printer,Office Supplies,3,386,1158,172.16,Mumbai,West
5547,2024-01-07,Desk Chair,Furniture,1,1417,1417,306.12,Bangalore,South
5548,2024-02-07,Keyboard,Electronics,1,123,123,23.63,Chennai,South
5549,2024-03-07,Smartphone,Electronics,3,869,2607,636.08,Pune,West
5550,2024-04-07,Monitor,Electronics,4,202,808,99.19,Mumbai,West
5551,2024-05-07,Headphones,Electronics,2,787,1574,118.5,Delhi,North
5552,2024-06-07,Desk Chair,Furniture,2,475,950,93.4,Mumbai,West
5553,2024-07-07,Headphones,Electronics,1,1022,1022,250.64,Mumbai,West
5554,2024-08-07,Office Desk,Furniture,5,456,2280,534.69,Pune,West
5555,2024-09-07,Monitor,Electronics,5,1260,6300,1398.6,Mumbai,West
5556,2024-10-07,Keyboard,Electronics,4,1367,5468,1295.31,Delhi,North
5557,2024-11-07,Keyboard,Electronics,3,1203,3609,204.01,Bangalore,South
5558,2024-12-07,Desk Chair,Furniture,3,441,1323,207.32,Hyderabad,South
5559,2024-07-13,Printer,Office Supplies,4,1324,5296,1285.29,Hyderabad,South
5560,2024-07-14,Headphones,Electronics,1,704,704,145.47,Delhi,North
5561,2024-07-15,Desk Chair,Furniture,5,1098,5490,1127.63,Pune,West
5562,2024-07-16,Notebook,Office Supplies,5,814,4070,623.03,Delhi,North
5563,2024-07-17,Notebook,Office Supplies,4,890,3560,452.77,Pune,West
5564,2024-07-18,Laptop,Electronics,2,772,1544,345.94,Delhi,North
5565,2024-07-19,Notebook,Office Supplies,1,150,150,26.08,Hyderabad,South
5566,2024-07-20,Printer,Office Supplies,1,1415,1415,340.64,Delhi,North
5567,2024-07-21,Desk Chair,Furniture,1,1147,1147,180.17,Hyderabad,South
5568,2024-07-22,Monitor,Electronics,2,1107,2214,552.56,Chennai,South
5569,2024-07-23,Desk Chair,Furniture,4,558,2232,553.41,Pune,West
5570,2024-07-24,Desk Chair,Furniture,2,936,1872,321.49,Bangalore,South
5571,2024-07-25,Keyboard,Electronics,2,747,1494,190.51,Chennai,South
5572,2024-07-26,Keyboard,Electronics,1,1033,1033,136.76,Hyderabad,South
5573,2024-07-27,Keyboard,Electronics,3,1201,3603,614.06,Chennai,South
5574,2024-07-28,Monitor,Electronics,2,1283,2566,502.47,Delhi,North
5575,2024-07-29,Smartphone,Electronics,3,1354,4062,479.17,Bangalore,South
5576,2024-07-30,Smartphone,Electronics,3,118,354,42.94,Bangalore,South
5577,2024-07-31,Mouse,Electronics,4,123,492,75.36,Mumbai,West
5578,2024-01-08,Printer,Office Supplies,1,1342,1342,120.3,Hyderabad,South
5579,2024-02-08,Smartphone,Electronics,3,790,2370,342.75,Delhi,North
5580,2024-03-08,Printer,Office Supplies,4,835,3340,608.48,Bangalore,South
5581,2024-04-08,Notebook,Office Supplies,2,153,306,21.8,Hyderabad,South
5582,2024-05-08,Printer,Office Supplies,4,1249,4996,666.03,Hyderabad,South
5583,2024-06-08,Office Desk,Furniture,1,1481,1481,170.59,Pune,West
5584,2024-07-08,Mouse,Electronics,2,96,192,43.22,Pune,West
5585,2024-08-08,Office Desk,Furniture,4,459,1836,428.9,Pune,West
5586,2024-09-08,Office Desk,Furniture,1,271,271,19.35,Hyderabad,South
5587,2024-10-08,Keyboard,Electronics,2,1058,2116,348.32,Delhi,North
5588,2024-11-08,Notebook,Office Supplies,5,286,1430,93.44,Hyderabad,South
5589,2024-12-08,Keyboard,Electronics,2,1009,2018,495.57,Mumbai,West
5590,2024-08-13,Monitor,Electronics,3,767,2301,553.86,Mumbai,West
5591,2024-08-14,Headphones,Electronics,3,1021,3063,160.25,Pune,West
5592,2024-08-15,Printer,Office Supplies,1,308,308,60.0,Pune,West
5593,2024-08-16,Monitor,Electronics,4,192,768,81.35,Chennai,South
5594,2024-08-17,Smartphone,Electronics,3,968,2904,464.98,Bangalore,South
5595,2024-08-18,Smartphone,Electronics,5,1310,6550,1338.45,Chennai,South
5596,2024-08-19,Monitor,Electronics,3,81,243,30.59,Delhi,North
5597,2024-08-20,Headphones,Electronics,1,664,664,129.26,Pune,West
5598,2024-08-21,Keyboard,Electronics,2,603,1206,211.51,Chennai,South
5599,2024-08-22,Desk Chair,Furniture,2,1099,2198,409.85,Bangalore,South
5600,2024-08-23,Office Desk,Furniture,1,562,562,81.98,Mumbai,West
5601,2024-08-24,Smartphone,Electronics,1,497,497,50.0,Delhi,North
5602,2024-08-25,Smartphone,Electronics,5,210,1050,162.58,Mumbai,West
5603,2024-08-26,Office Desk,Furniture,4,868,3472,603.91,Mumbai,West
5604,2024-08-27,Desk Chair,Furniture,5,337,1685,309.22,Hyderabad,South
5605,2024-08-28,Printer,Office Supplies,3,664,1992,249.85,Bangalore,South
5606,2024-08-29,Printer,Office Supplies,2,178,356,78.0,Hyderabad,South
5607,2024-08-30,Office Desk,Furniture,3,463,1389,100.9,Hyderabad,South
5608,2024-08-31,Monitor,Electronics,3,1254,3762,463.48,Bangalore,South
5609,2024-01-09,Printer,Office Supplies,4,1409,5636,979.58,Hyderabad,South
5610,2024-02-09,Printer,Office Supplies,1,1053,1053,166.31,Bangalore,South
5611,2024-03-09,Desk Chair,Furniture,2,126,252,17.7,Bangalore,South
5612,2024-04-09,Notebook,Office Supplies,3,358,1074,172.15,Chennai,South
5613,2024-05-09,Printer,Office Supplies,1,283,283,35.27,Pune,West
5614,2024-06-09,Printer,Office Supplies,1,1332,1332,276.54,Pune,West
5615,2024-07-09,Smartphone,Electronics,3,192,576,89.49,Pune,West
5616,2024-08-09,Keyboard,Electronics,2,478,956,162.79,Hyderabad,South
5617,2024-09-09,Monitor,Electronics,4,478,1912,317.58,Hyderabad,South
5618,2024-10-09,Notebook,Office Supplies,2,1270,2540,594.76,Delhi,North
5619,2024-11-09,Notebook,Office Supplies,2,217,434,22.96,Chennai,South
5620,2024-12-09,Monitor,Electronics,4,559,2236,364.05,Bangalore,South
5621,2024-09-13,Office Desk,Furniture,4,1316,5264,866.27,Bangalore,South
5622,2024-09-14,Printer,Office Supplies,2,64,128,31.96,Chennai,South
5623,2024-09-15,Smartphone,Electronics,2,248,496,70.65,Bangalore,South
5624,2024-09-16,Notebook,Office Supplies,2,172,344,47.49,Delhi,North
5625,2024-09-17,Laptop,Electronics,3,1127,3381,556.41,Pune,West
5626,2024-09-18,Printer,Office Supplies,2,771,1542,256.02,Mumbai,West
5627,2024-09-19,Notebook,Office Supplies,1,785,785,73.61,Bangalore,South
5628,2024-09-20,Notebook,Office Supplies,1,1417,1417,75.42,Bangalore,South
5629,2024-09-21,Smartphone,Electronics,3,314,942,135.7,Delhi,North
5630,2024-09-22,Printer,Office Supplies,4,538,2152,174.96,Pune,West
5631,2024-09-23,Mouse,Electronics,2,671,1342,283.73,Mumbai,West
5632,2024-09-24,Printer,Office Supplies,3,502,1506,306.55,Bangalore,South
5633,2024-09-25,Monitor,Electronics,2,370,740,100.27,Delhi,North
5634,2024-09-26,Headphones,Electronics,1,527,527,129.72,Bangalore,South
5635,2024-09-27,Smartphone,Electronics,3,1426,4278,372.21,Bangalore,South
5636,2024-09-28,Desk Chair,Furniture,1,727,727,113.73,Delhi,North
5637,2024-09-29,Notebook,Office Supplies,3,434,1302,239.12,Chennai,South
5638,2024-09-30,Monitor,Electronics,1,291,291,31.73,Chennai,South
5639,2024-01-10,Headphones,Electronics,3,346,1038,186.12,Delhi,North
5640,2024-02-10,Monitor,Electronics,1,634,634,84.77,Hyderabad,South
5641,2024-03-10,Headphones,Electronics,4,1122,4488,643.99,Chennai,South
5642,2024-04-10,Smartphone,Electronics,4,697,2788,594.82,Mumbai,West
5643,2024-05-10,Headphones,Electronics,4,391,1564,295.69,Delhi,North
5644,2024-06-10,Smartphone,Electronics,2,495,990,175.91,Hyderabad,South
5645,2024-07-10,Laptop,Electronics,5,809,4045,244.29,Chennai,South
5646,2024-08-10,Mouse,Electronics,1,1321,1321,283.07,Delhi,North
5647,2024-09-10,Keyboard,Electronics,3,938,2814,332.7,Delhi,North
5648,2024-10-10,Mouse,Electronics,1,1029,1029,209.99,Bangalore,South
5649,2024-11-10,Notebook,Office Supplies,4,524,2096,368.03,Bangalore,South
5650,2024-12-10,Monitor,Electronics,3,354,1062,257.28,Chennai,South
5651,2024-10-13,Printer,Office Supplies,4,652,2608,527.72,Chennai,South
5652,2024-10-14,Keyboard,Electronics,1,1091,1091,72.9,Hyderabad,South
5653,2024-10-15,Monitor,Electronics,5,812,4060,659.17,Mumbai,West
5654,2024-10-16,Mouse,Electronics,4,520,2080,155.44,Delhi,North
5655,2024-10-17,Notebook,Office Supplies,3,679,2037,114.48,Pune,West
5656,2024-10-18,Desk Chair,Furniture,3,559,1677,305.4,Delhi,North
5657,2024-10-19,Mouse,Electronics,2,1366,2732,274.11,Pune,West
5658,2024-10-20,Keyboard,Electronics,4,549,2196,499.21,Hyderabad,South
5659,2024-10-21,Desk Chair,Furniture,2,881,1762,359.35,Mumbai,West
5660,2024-10-22,Headphones,Electronics,2,1424,2848,461.74,Hyderabad,South
5661,2024-10-23,Office Desk,Furniture,4,830,3320,241.27,Chennai,South
5662,2024-10-24,Smartphone,Electronics,1,944,944,218.66,Hyderabad,South
5663,2024-10-25,Notebook,Office Supplies,4,876,3504,862.8,Hyderabad,South
5664,2024-10-26,Mouse,Electronics,1,326,326,41.47,Chennai,South
5665,2024-10-27,Mouse,Electronics,4,85,340,32.84,Mumbai,West
5666,2024-10-28,Mouse,Electronics,1,633,633,77.3,Hyderabad,South
5667,2024-10-29,Mouse,Electronics,3,1300,3900,280.81,Pune,West
5668,2024-10-30,Headphones,Electronics,1,1201,1201,161.02,Delhi,North
5669,2024-10-31,Desk Chair,Furniture,5,1195,5975,1245.55,Bangalore,South
5670,2024-01-11,Laptop,Electronics,1,940,940,173.38,Mumbai,West
5671,2024-02-11,Notebook,Office Supplies,4,116,464,69.18,Hyderabad,South
5672,2024-03-11,Laptop,Electronics,3,1352,4056,686.14,Delhi,North
5673,2024-04-11,Headphones,Electronics,5,1240,6200,604.15,Chennai,South
5674,2024-05-11,Laptop,Electronics,4,1487,5948,1346.94,Delhi,North
5675,2024-06-11,Mouse,Electronics,4,1418,5672,451.0,Mumbai,West
5676,2024-07-11,Notebook,Office Supplies,5,912,4560,539.55,Mumbai,West
5677,2024-08-11,Mouse,Electronics,4,498,1992,369.06,Chennai,South
5678,2024-09-11,Smartphone,Electronics,2,1458,2916,544.11,Delhi,North
5679,2024-10-11,Printer,Office Supplies,2,1215,2430,351.36,Bangalore,South
5680,2024-11-11,Laptop,Electronics,5,315,1575,248.94,Hyderabad,South
5681,2024-12-11,Office Desk,Furniture,2,101,202,27.24,Hyderabad,South
5682,2024-11-13,Keyboard,Electronics,2,887,1774,170.35,Mumbai,West
5683,2024-11-14,Printer,Office Supplies,5,966,4830,277.86,Mumbai,West
5684,2024-11-15,Printer,Office Supplies,2,60,120,15.17,Chennai,South
5685,2024-11-16,Printer,Office Supplies,1,1468,1468,257.28,Pune,West
5686,2024-11-17,Keyboard,Electronics,1,1325,1325,326.43,Mumbai,West
5687,2024-11-18,Monitor,Electronics,3,650,1950,409.75,Mumbai,West
5688,2024-11-19,Desk Chair,Furniture,1,571,571,76.51,Bangalore,South
5689,2024-11-20,Keyboard,Electronics,1,242,242,59.02,Chennai,South
5690,2024-11-21,Notebook,Office Supplies,2,1450,2900,154.15,Mumbai,West
5691,2024-11-22,Mouse,Electronics,3,946,2838,315.0,Bangalore,South
5692,2024-11-23,Monitor,Electronics,4,756,3024,534.32,Mumbai,West
5693,2024-11-24,Smartphone,Electronics,5,632,3160,388.38,Bangalore,South
5694,2024-11-25,Smartphone,Electronics,5,1202,6010,394.12,Pune,West
5695,2024-11-26,Headphones,Electronics,3,973,2919,240.28,Bangalore,South
5696,2024-11-27,Printer,Office Supplies,4,615,2460,260.85,Bangalore,South
5697,2024-11-28,Smartphone,Electronics,2,622,1244,279.15,Mumbai,West
5698,2024-11-29,Monitor,Electronics,3,815,2445,580.66,Mumbai,West
5699,2024-11-30,Monitor,Electronics,4,609,2436,315.33,Chennai,South
5700,2024-01-12,Mouse,Electronics,4,597,2388,161.18,Delhi,North
5701,2024-02-12,Headphones,Electronics,5,194,970,145.11,Chennai,South
5702,2024-03-12,Office Desk,Furniture,3,1305,3915,292.91,Hyderabad,South
5703,2024-04-12,Laptop,Electronics,1,357,357,38.81,Bangalore,South
5704,2024-05-12,Monitor,Electronics,3,103,309,54.31,Chennai,South
5705,2024-06-12,Smartphone,Electronics,5,782,3910,532.1,Chennai,South
5706,2024-07-12,Monitor,Electronics,3,932,2796,442.01,Bangalore,South
5707,2024-08-12,Notebook,Office Supplies,3,1159,3477,684.93,Delhi,North
5708,2024-09-12,Printer,Office Supplies,2,91,182,44.4,Pune,West
5709,2024-10-12,Headphones,Electronics,5,1025,5125,592.37,Pune,West
5710,2024-11-12,Smartphone,Electronics,2,1448,2896,407.73,Bangalore,South
5711,2024-12-12,Smartphone,Electronics,1,84,84,8.22,Mumbai,West
5712,2024-12-13,Notebook,Office Supplies,5,666,3330,612.78,Delhi,North
5713,2024-12-14,Printer,Office Supplies,5,230,1150,97.1,Mumbai,West
5714,2024-12-15,Printer,Office Supplies,3,1452,4356,848.6,Delhi,North
5715,2024-12-16,Headphones,Electronics,2,593,1186,113.24,Pune,West
5716,2024-12-17,Printer,Office Supplies,3,609,1827,279.61,Bangalore,South
5717,2024-12-18,Desk Chair,Furniture,1,987,987,162.4,Delhi,North
5718,2024-12-19,Headphones,Electronics,1,1447,1447,228.72,Bangalore,South
5719,2024-12-20,Office Desk,Furniture,5,1489,7445,416.86,Chennai,South
5720,2024-12-21,Laptop,Electronics,4,216,864,134.22,Delhi,North
5721,2024-12-22,Smartphone,Electronics,3,699,2097,375.56,Delhi,North
5722,2024-12-23,Printer,Office Supplies,3,88,264,36.45,Delhi,North
5723,2024-12-24,Desk Chair,Furniture,2,208,416,91.77,Pune,West
5724,2024-12-25,Monitor,Electronics,5,635,3175,474.7,Pune,West
5725,2024-12-26,Smartphone,Electronics,4,162,648,104.04,Delhi,North
5726,2024-12-27,Mouse,Electronics,1,1133,1133,227.55,Bangalore,South
5727,2024-12-28,Keyboard,Electronics,3,1338,4014,253.71,Hyderabad,South
5728,2024-12-29,Headphones,Electronics,1,1495,1495,342.4,Bangalore,South
5729,2024-12-30,Smartphone,Electronics,3,339,1017,174.22,Hyderabad,South
5730,2024-12-31,Notebook,Office Supplies,4,1183,4732,1089.73,Pune,West
5731,2025-01-01,Smartphone,Electronics,2,1327,2654,288.66,Delhi,North
5732,2025-02-01,Mouse,Electronics,2,882,1764,279.83,Chennai,South
5733,2025-03-01,Desk Chair,Furniture,1,1143,1143,155.32,Hyderabad,South
5734,2025-04-01,Printer,Office Supplies,1,580,580,122.87,Chennai,South
5735,2025-05-01,Mouse,Electronics,4,887,3548,419.32,Delhi,North
5736,2025-06-01,Printer,Office Supplies,5,539,2695,524.98,Pune,West
5737,2025-07-01,Desk Chair,Furniture,5,1124,5620,994.88,Delhi,North
5738,2025-08-01,Office Desk,Furniture,3,784,2352,136.39,Pune,West
5739,2025-09-01,Mouse,Electronics,3,1257,3771,401.56,Pune,West
5740,2025-10-01,Mouse,Electronics,2,489,978,90.9,Mumbai,West
5741,2025-11-01,Keyboard,Electronics,1,1359,1359,106.29,Mumbai,West
5742,2025-12-01,Monitor,Electronics,4,512,2048,437.77,Chennai,South
5743,2025-01-13,Keyboard,Electronics,1,1271,1271,290.47,Pune,West
5744,2025-01-14,Laptop,Electronics,5,645,3225,169.33,Delhi,North
5745,2025-01-15,Monitor,Electronics,5,788,3940,613.05,Hyderabad,South
5746,2025-01-16,Notebook,Office Supplies,3,1023,3069,670.13,Mumbai,West
5747,2025-01-17,Mouse,Electronics,5,128,640,32.32,Delhi,North
5748,2025-01-18,Mouse,Electronics,1,1480,1480,307.19,Chennai,South
5749,2025-01-19,Notebook,Office Supplies,1,1497,1497,234.62,Pune,West
5750,2025-01-20,Mouse,Electronics,4,1063,4252,559.55,Mumbai,West
5751,2025-01-21,Smartphone,Electronics,2,430,860,163.39,Delhi,North
5752,2025-01-22,Desk Chair,Furniture,5,1313,6565,1411.71,Delhi,North
5753,2025-01-23,Notebook,Office Supplies,5,652,3260,185.58,Pune,West
5754,2025-01-24,Laptop,Electronics,1,585,585,35.53,Hyderabad,South
5755,2025-01-25,Desk Chair,Furniture,5,1067,5335,560.67,Bangalore,South
5756,2025-01-26,Keyboard,Electronics,1,1239,1239,202.03,Hyderabad,South
5757,2025-01-27,Headphones,Electronics,2,739,1478,240.9,Chennai,South
5758,2025-01-28,Smartphone,Electronics,1,1097,1097,201.38,Pune,West
5759,2025-01-29,Mouse,Electronics,1,515,515,116.81,Pune,West
5760,2025-01-30,Office Desk,Furniture,1,1208,1208,112.25,Hyderabad,South
5761,2025-01-31,Monitor,Electronics,3,597,1791,313.91,Hyderabad,South
5762,2025-01-02,Smartphone,Electronics,3,359,1077,64.69,Chennai,South
5763,2025-02-02,Office Desk,Furniture,5,614,3070,398.15,Bangalore,South
5764,2025-03-02,Laptop,Electronics,3,850,2550,135.37,Pune,West
5765,2025-04-02,Smartphone,Electronics,4,154,616,78.12,Bangalore,South
5766,2025-05-02,Printer,Office Supplies,2,1400,2800,647.25,Mumbai,West
5767,2025-06-02,Monitor,Electronics,1,116,116,12.47,Bangalore,South
5768,2025-07-02,Headphones,Electronics,5,1484,7420,1681.34,Bangalore,South
5769,2025-08-02,Desk Chair,Furniture,3,614,1842,376.27,Mumbai,West
5770,2025-09-02,Monitor,Electronics,2,203,406,69.4,Hyderabad,South
5771,2025-10-02,Monitor,Electronics,5,1418,7090,635.59,Mumbai,West
5772,2025-11-02,Keyboard,Electronics,4,376,1504,144.25,Chennai,South
5773,2025-12-02,Desk Chair,Furniture,3,586,1758,289.56,Hyderabad,South
5774,2025-02-13,Laptop,Electronics,5,122,610,70.06,Chennai,South
5775,2025-02-14,Mouse,Electronics,3,347,1041,188.21,Bangalore,South
5776,2025-02-15,Monitor,Electronics,1,900,900,147.5,Hyderabad,South
5777,2025-02-16,Smartphone,Electronics,1,1262,1262,106.63,Hyderabad,South
5778,2025-02-17,Laptop,Electronics,3,683,2049,398.37,Pune,West
5779,2025-02-18,Notebook,Office Supplies,1,1149,1149,103.61,Hyderabad,South
5780,2025-02-19,Laptop,Electronics,2,882,1764,95.64,Mumbai,West
5781,2025-02-20,Monitor,Electronics,3,1089,3267,574.04,Delhi,North
5782,2025-02-21,Desk Chair,Furniture,5,526,2630,457.82,Mumbai,West
5783,2025-02-22,Laptop,Electronics,1,1181,1181,204.26,Mumbai,West
5784,2025-02-23,Monitor,Electronics,5,895,4475,995.9,Bangalore,South
5785,2025-02-24,Office Desk,Furniture,1,805,805,137.82,Mumbai,West
5786,2025-02-25,Smartphone,Electronics,1,172,172,17.53,Chennai,South
5787,2025-02-26,Monitor,Electronics,1,892,892,57.99,Bangalore,South
5788,2025-02-27,Keyboard,Electronics,2,223,446,50.75,Delhi,North
5789,2025-02-28,Monitor,Electronics,4,1151,4604,1001.51,Hyderabad,South
5790,2025-01-03,Mouse,Electronics,3,196,588,47.88,Chennai,South
5791,2025-02-03,Keyboard,Electronics,4,125,500,83.64,Pune,West
5792,2025-03-03,Desk Chair,Furniture,2,1194,2388,483.01,Delhi,North
5793,2025-04-03,Headphones,Electronics,1,1035,1035,239.84,Delhi,North
5794,2025-05-03,Notebook,Office Supplies,5,1200,6000,1189.86,Bangalore,South
5795,2025-06-03,Notebook,Office Supplies,3,932,2796,591.18,Hyderabad,South
5796,2025-07-03,Mouse,Electronics,3,570,1710,386.17,Mumbai,West
5797,2025-08-03,Notebook,Office Supplies,3,831,2493,228.41,Chennai,South
5798,2025-09-03,Office Desk,Furniture,1,1238,1238,181.85,Delhi,North
5799,2025-10-03,Desk Chair,Furniture,3,633,1899,461.22,Pune,West
5800,2025-11-03,Keyboard,Electronics,5,736,3680,478.76,Hyderabad,South
5801,2025-12-03,Smartphone,Electronics,4,1226,4904,698.44,Bangalore,South
5802,2025-03-13,Headphones,Electronics,1,563,563,46.92,Pune,West
5803,2025-03-14,Headphones,Electronics,3,596,1788,368.39,Mumbai,West
5804,2025-03-15,Laptop,Electronics,1,1428,1428,260.01,Bangalore,South
5805,2025-03-16,Desk Chair,Furniture,3,368,1104,262.3,Hyderabad,South
5806,2025-03-17,Headphones,Electronics,4,1281,5124,475.69,Mumbai,West
5807,2025-03-18,Mouse,Electronics,1,766,766,122.08,Mumbai,West
5808,2025-03-19,Headphones,Electronics,4,595,2380,160.95,Bangalore,South
5809,2025-03-20,Notebook,Office Supplies,1,776,776,114.29,Chennai,South
5810,2025-03-21,Desk Chair,Furniture,5,665,3325,233.4,Hyderabad,South
5811,2025-03-22,Smartphone,Electronics,3,597,1791,212.76,Delhi,North
5812,2025-03-23,Desk Chair,Furniture,4,1461,5844,527.87,Bangalore,South
5813,2025-03-24,Laptop,Electronics,1,942,942,221.82,Mumbai,West
5814,2025-03-25,Mouse,Electronics,4,482,1928,417.07,Hyderabad,South
5815,2025-03-26,Mouse,Electronics,4,1199,4796,845.02,Pune,West
5816,2025-03-27,Desk Chair,Furniture,3,484,1452,313.85,Bangalore,South
5817,2025-03-28,Printer,Office Supplies,3,68,204,22.05,Mumbai,West
5818,2025-03-29,Keyboard,Electronics,4,1157,4628,737.26,Pune,West
5819,2025-03-30,Desk Chair,Furniture,1,93,93,16.79,Chennai,South
5820,2025-03-31,Laptop,Electronics,3,662,1986,238.81,Hyderabad,South
5821,2025-01-04,Desk Chair,Furniture,1,427,427,49.93,Bangalore,South
5822,2025-02-04,Laptop,Electronics,3,979,2937,152.72,Mumbai,West
5823,2025-03-04,Office Desk,Furniture,3,672,2016,442.51,Chennai,South
5824,2025-04-04,Monitor,Electronics,1,885,885,116.5,Pune,West
5825,2025-05-04,Keyboard,Electronics,3,1331,3993,545.46,Mumbai,West
5826,2025-06-04,Office Desk,Furniture,1,630,630,109.34,Mumbai,West
5827,2025-07-04,Smartphone,Electronics,5,1140,5700,462.42,Pune,West
5828,2025-08-04,Smartphone,Electronics,4,1368,5472,491.04,Chennai,South
5829,2025-09-04,Headphones,Electronics,1,128,128,30.76,Hyderabad,South
5830,2025-10-04,Printer,Office Supplies,5,1288,6440,1519.26,Hyderabad,South
5831,2025-11-04,Smartphone,Electronics,1,420,420,60.83,Chennai,South
5832,2025-12-04,Desk Chair,Furniture,4,952,3808,644.15,Delhi,North
5833,2025-04-13,Headphones,Electronics,3,676,2028,451.48,Hyderabad,South
5834,2025-04-14,Laptop,Electronics,4,1465,5860,968.72,Bangalore,South
5835,2025-04-15,Monitor,Electronics,5,436,2180,532.24,Mumbai,West
5836,2025-04-16,Desk Chair,Furniture,2,648,1296,92.04,Mumbai,West
5837,2025-04-17,Printer,Office Supplies,5,382,1910,459.27,Pune,West
5838,2025-04-18,Keyboard,Electronics,1,558,558,103.28,Bangalore,South
5839,2025-04-19,Printer,Office Supplies,3,371,1113,220.0,Bangalore,South
5840,2025-04-20,Laptop,Electronics,5,575,2875,385.69,Bangalore,South
5841,2025-04-21,Monitor,Electronics,4,227,908,118.42,Pune,West
5842,2025-04-22,Keyboard,Electronics,1,1411,1411,104.06,Bangalore,South
5843,2025-04-23,Keyboard,Electronics,3,1022,3066,458.81,Chennai,South
5844,2025-04-24,Headphones,Electronics,1,1062,1062,245.16,Delhi,North
5845,2025-04-25,Laptop,Electronics,1,1374,1374,292.41,Mumbai,West
5846,2025-04-26,Notebook,Office Supplies,5,838,4190,213.07,Bangalore,South
5847,2025-04-27,Headphones,Electronics,5,485,2425,569.22,Bangalore,South
5848,2025-04-28,Headphones,Electronics,1,517,517,45.71,Bangalore,South
5849,2025-04-29,Laptop,Electronics,4,791,3164,216.09,Hyderabad,South
5850,2025-04-30,Keyboard,Electronics,2,548,1096,167.03,Hyderabad,South
5851,2025-01-05,Printer,Office Supplies,5,425,2125,226.93,Chennai,South
5852,2025-02-05,Monitor,Electronics,5,1099,5495,732.47,Hyderabad,South
5853,2025-03-05,Keyboard,Electronics,4,223,892,197.97,Mumbai,West
5854,2025-04-05,Headphones,Electronics,1,139,139,31.92,Delhi,North
5855,2025-05-05,Printer,Office Supplies,3,210,630,106.36,Pune,West
5856,2025-06-05,Mouse,Electronics,3,863,2589,450.48,Delhi,North
5857,2025-07-05,Office Desk,Furniture,4,1232,4928,1219.37,Mumbai,West
5858,2025-08-05,Desk Chair,Furniture,3,883,2649,479.19,Mumbai,West
5859,2025-09-05,Monitor,Electronics,1,476,476,73.79,Chennai,South
5860,2025-10-05,Office Desk,Furniture,2,175,350,40.07,Chennai,South
5861,2025-11-05,Monitor,Electronics,3,759,2277,335.51,Mumbai,West
5862,2025-12-05,Printer,Office Supplies,2,1125,2250,249.84,Hyderabad,South
5863,2025-05-13,Notebook,Office Supplies,4,655,2620,572.56,Delhi,North
5864,2025-05-14,Office Desk,Furniture,1,423,423,43.74,Delhi,North
5865,2025-05-15,Headphones,Electronics,5,310,1550,229.43,Delhi,North
5866,2025-05-16,Printer,Office Supplies,4,348,1392,165.03,Chennai,South
5867,2025-05-17,Keyboard,Electronics,5,746,3730,331.44,Delhi,North
5868,2025-05-18,Laptop,Electronics,5,72,360,71.34,Mumbai,West
5869,2025-05-19,Smartphone,Electronics,2,770,1540,264.59,Delhi,North
5870,2025-05-20,Headphones,Electronics,3,449,1347,173.89,Delhi,North
5871,2025-05-21,Headphones,Electronics,5,182,910,80.12,Bangalore,South
5872,2025-05-22,Mouse,Electronics,2,196,392,89.52,Mumbai,West
5873,2025-05-23,Office Desk,Furniture,5,373,1865,138.28,Delhi,North
5874,2025-05-24,Printer,Office Supplies,3,549,1647,153.16,Hyderabad,South
5875,2025-05-25,Monitor,Electronics,1,999,999,201.05,Bangalore,South
5876,2025-05-26,Keyboard,Electronics,4,882,3528,769.16,Delhi,North
5877,2025-05-27,Monitor,Electronics,1,894,894,154.04,Hyderabad,South
5878,2025-05-28,Notebook,Office Supplies,3,81,243,58.83,Chennai,South
5879,2025-05-29,Printer,Office Supplies,1,172,172,29.21,Pune,West
5880,2025-05-30,Notebook,Office Supplies,3,522,1566,377.2,Delhi,North
5881,2025-05-31,Monitor,Electronics,4,1311,5244,764.68,Delhi,North
5882,2025-01-06,Monitor,Electronics,4,390,1560,127.84,Delhi,North
5883,2025-02-06,Mouse,Electronics,3,347,1041,175.19,Bangalore,South
5884,2025-03-06,Printer,Office Supplies,5,58,290,71.32,Delhi,North
5885,2025-04-06,Mouse,Electronics,4,911,3644,351.71,Hyderabad,South
5886,2025-05-06,Monitor,Electronics,1,687,687,75.87,Hyderabad,South
5887,2025-06-06,Desk Chair,Furniture,5,1488,7440,580.04,Hyderabad,South
5888,2025-07-06,Mouse,Electronics,1,1467,1467,215.75,Mumbai,West
5889,2025-08-06,Mouse,Electronics,2,1111,2222,385.96,Delhi,North
5890,2025-09-06,Mouse,Electronics,3,345,1035,62.68,Mumbai,West
5891,2025-10-06,Monitor,Electronics,5,1411,7055,1663.95,Mumbai,West
5892,2025-11-06,Notebook,Office Supplies,4,550,2200,264.11,Bangalore,South
5893,2025-12-06,Headphones,Electronics,3,574,1722,303.4,Delhi,North
5894,2025-06-13,Smartphone,Electronics,5,1033,5165,364.81,Pune,West
5895,2025-06-14,Mouse,Electronics,4,919,3676,854.28,Bangalore,South
5896,2025-06-15,Monitor,Electronics,2,202,404,75.36,Hyderabad,South
5897,2025-06-16,Headphones,Electronics,5,1130,5650,327.72,Chennai,South
5898,2025-06-17,Monitor,Electronics,2,627,1254,280.14,Bangalore,South
5899,2025-06-18,Office Desk,Furniture,4,119,476,112.94,Hyderabad,South
5900,2025-06-19,Desk Chair,Furniture,1,887,887,141.41,Mumbai,West
5901,2025-06-20,Smartphone,Electronics,4,1352,5408,1199.9,Mumbai,West
5902,2025-06-21,Laptop,Electronics,2,619,1238,164.68,Delhi,North
5903,2025-06-22,Monitor,Electronics,2,1362,2724,552.72,Delhi,North
5904,2025-06-23,Notebook,Office Supplies,2,1057,2114,240.44,Hyderabad,South
5905,2025-06-24,Printer,Office Supplies,5,493,2465,497.6,Chennai,South
5906,2025-06-25,Monitor,Electronics,3,1162,3486,389.65,Hyderabad,South
5907,2025-06-26,Desk Chair,Furniture,3,1107,3321,189.35,Pune,West
5908,2025-06-27,Monitor,Electronics,2,1390,2780,526.57,Hyderabad,South
5909,2025-06-28,Desk Chair,Furniture,3,318,954,235.17,Hyderabad,South
5910,2025-06-29,Headphones,Electronics,1,844,844,82.35,Bangalore,South
5911,2025-06-30,Headphones,Electronics,3,426,1278,72.36,Chennai,South
5912,2025-01-07,Smartphone,Electronics,5,462,2310,266.44,Delhi,North
5913,2025-02-07,Smartphone,Electronics,3,780,2340,285.3,Bangalore,South
5914,2025-03-07,Laptop,Electronics,3,1381,4143,632.23,Bangalore,South
5915,2025-04-07,Laptop,Electronics,1,289,289,68.62,Hyderabad,South
5916,2025-05-07,Desk Chair,Furniture,4,726,2904,204.24,Hyderabad,South
5917,2025-06-07,Laptop,Electronics,3,583,1749,93.11,Hyderabad,South
5918,2025-07-07,Monitor,Electronics,4,928,3712,298.08,Pune,West
5919,2025-08-07,Desk Chair,Furniture,4,589,2356,415.28,Bangalore,South
5920,2025-09-07,Keyboard,Electronics,5,208,1040,243.77,Chennai,South
5921,2025-10-07,Mouse,Electronics,2,1200,2400,545.82,Pune,West
5922,2025-11-07,Monitor,Electronics,2,1470,2940,249.04,Chennai,South
5923,2025-12-07,Notebook,Office Supplies,4,1047,4188,460.82,Chennai,South
5924,2025-07-13,Monitor,Electronics,3,1294,3882,543.03,Hyderabad,South
5925,2025-07-14,Desk Chair,Furniture,4,1245,4980,1242.15,Delhi,North
5926,2025-07-15,Keyboard,Electronics,2,371,742,154.89,Hyderabad,South
5927,2025-07-16,Printer,Office Supplies,1,1400,1400,320.16,Chennai,South
5928,2025-07-17,Desk Chair,Furniture,2,1058,2116,513.33,Bangalore,South
5929,2025-07-18,Keyboard,Electronics,2,930,1860,347.87,Bangalore,South
5930,2025-07-19,Laptop,Electronics,5,611,3055,208.38,Hyderabad,South
5931,2025-07-20,Desk Chair,Furniture,2,1499,2998,167.28,Chennai,South
5932,2025-07-21,Desk Chair,Furniture,2,699,1398,112.54,Bangalore,South
5933,2025-07-22,Mouse,Electronics,2,1349,2698,169.68,Chennai,South
5934,2025-07-23,Smartphone,Electronics,3,85,255,63.56,Delhi,North
5935,2025-07-24,Office Desk,Furniture,2,867,1734,216.68,Chennai,South
5936,2025-07-25,Mouse,Electronics,4,875,3500,690.38,Delhi,North
5937,2025-07-26,Mouse,Electronics,4,1050,4200,724.6,Bangalore,South
5938,2025-07-27,Smartphone,Electronics,5,681,3405,732.78,Pune,West
5939,2025-07-28,Headphones,Electronics,2,708,1416,344.49,Pune,West
5940,2025-07-29,Desk Chair,Furniture,3,880,2640,498.97,Mumbai,West
5941,2025-07-30,Monitor,Electronics,2,125,250,27.49,Mumbai,West
5942,2025-07-31,Printer,Office Supplies,3,1119,3357,227.09,Mumbai,West
5943,2025-01-08,Smartphone,Electronics,4,418,1672,165.58,Chennai,South
5944,2025-02-08,Mouse,Electronics,1,1056,1056,155.91,Mumbai,West
5945,2025-03-08,Desk Chair,Furniture,3,1005,3015,176.09,Bangalore,South
5946,2025-04-08,Printer,Office Supplies,3,1335,4005,267.45,Hyderabad,South
5947,2025-05-08,Desk Chair,Furniture,3,543,1629,307.8,Mumbai,West
5948,2025-06-08,Smartphone,Electronics,3,1021,3063,407.11,Hyderabad,South
5949,2025-07-08,Laptop,Electronics,1,225,225,54.09,Pune,West
5950,2025-08-08,Notebook,Office Supplies,3,384,1152,185.18,Delhi,North
5951,2025-09-08,Headphones,Electronics,4,1109,4436,733.09,Hyderabad,South
5952,2025-10-08,Notebook,Office Supplies,1,1223,1223,113.99,Hyderabad,South
5953,2025-11-08,Desk Chair,Furniture,3,177,531,46.37,Delhi,North
5954,2025-12-08,Mouse,Electronics,5,1117,5585,609.95,Mumbai,West
5955,2025-08-13,Desk Chair,Furniture,2,1358,2716,164.11,Hyderabad,South
5956,2025-08-14,Headphones,Electronics,1,1179,1179,78.32,Mumbai,West
5957,2025-08-15,Printer,Office Supplies,1,1259,1259,197.26,Hyderabad,South
5958,2025-08-16,Headphones,Electronics,1,1049,1049,76.82,Bangalore,South
5959,2025-08-17,Smartphone,Electronics,2,344,688,72.11,Bangalore,South
5960,2025-08-18,Smartphone,Electronics,1,1494,1494,245.41,Delhi,North
5961,2025-08-19,Desk Chair,Furniture,3,1364,4092,705.72,Pune,West
5962,2025-08-20,Notebook,Office Supplies,1,361,361,31.89,Delhi,North
5963,2025-08-21,Monitor,Electronics,5,1035,5175,978.23,Hyderabad,South
5964,2025-08-22,Office Desk,Furniture,5,1418,7090,1439.21,Pune,West
5965,2025-08-23,Mouse,Electronics,4,1202,4808,966.09,Chennai,South
5966,2025-08-24,Keyboard,Electronics,1,1022,1022,178.68,Bangalore,South
5967,2025-08-25,Laptop,Electronics,2,573,1146,67.31,Hyderabad,South
5968,2025-08-26,Keyboard,Electronics,2,395,790,142.41,Mumbai,West
5969,2025-08-27,Keyboard,Electronics,3,1160,3480,747.32,Bangalore,South
5970,2025-08-28,Notebook,Office Supplies,3,86,258,57.63,Pune,West
5971,2025-08-29,Office Desk,Furniture,1,488,488,29.95,Hyderabad,South
5972,2025-08-30,Keyboard,Electronics,5,329,1645,119.15,Bangalore,South
5973,2025-08-31,Office Desk,Furniture,4,1370,5480,1095.06,Hyderabad,South
5974,2025-01-09,Mouse,Electronics,2,468,936,230.46,Hyderabad,South
5975,2025-02-09,Monitor,Electronics,4,494,1976,278.0,Hyderabad,South
5976,2025-03-09,Laptop,Electronics,5,1356,6780,1528.01,Hyderabad,South
5977,2025-04-09,Notebook,Office Supplies,2,1242,2484,387.05,Mumbai,West
5978,2025-05-09,Notebook,Office Supplies,4,1377,5508,1129.66,Mumbai,West
5979,2025-06-09,Keyboard,Electronics,2,73,146,23.55,Hyderabad,South
5980,2025-07-09,Printer,Office Supplies,1,885,885,76.66,Delhi,North
5981,2025-08-09,Office Desk,Furniture,5,58,290,53.17,Delhi,North
5982,2025-09-09,Printer,Office Supplies,3,170,510,104.89,Mumbai,West
5983,2025-10-09,Office Desk,Furniture,3,157,471,107.13,Pune,West
5984,2025-11-09,Mouse,Electronics,5,164,820,156.94,Pune,West
5985,2025-12-09,Office Desk,Furniture,4,1132,4528,455.86,Bangalore,South
5986,2025-09-13,Desk Chair,Furniture,5,1482,7410,965.89,Chennai,South
5987,2025-09-14,Monitor,Electronics,3,331,993,236.05,Pune,West
5988,2025-09-15,Office Desk,Furniture,3,519,1557,346.43,Delhi,North
5989,2025-09-16,Office Desk,Furniture,1,879,879,84.18,Pune,West
5990,2025-09-17,Mouse,Electronics,4,1102,4408,729.08,Delhi,North
5991,2025-09-18,Notebook,Office Supplies,4,528,2112,286.53,Delhi,North
5992,2025-09-19,Smartphone,Electronics,5,1070,5350,320.14,Delhi,North
5993,2025-09-20,Printer,Office Supplies,4,560,2240,528.11,Hyderabad,South
5994,2025-09-21,Printer,Office Supplies,4,178,712,135.53,Delhi,North
5995,2025-09-22,Office Desk,Furniture,3,1196,3588,477.73,Bangalore,South
5996,2025-09-23,Headphones,Electronics,4,627,2508,552.5,Hyderabad,South
5997,2025-09-24,Smartphone,Electronics,3,481,1443,192.39,Mumbai,West
5998,2025-09-25,Smartphone,Electronics,2,1477,2954,300.55,Delhi,North
5999,2025-09-26,Smartphone,Electronics,5,411,2055,176.0,Hyderabad,South
